{"loss": [12.478642672300339, 1.8848769913117092, 1.0270368282993634, 0.7579761197169622, 0.5933424110213915, 0.5107518446942171, 0.43336620305975276, NaN, NaN, NaN, NaN, NaN, NaN, NaN, NaN, NaN, NaN, NaN, NaN, NaN], "val_loss": [3.4992979764938354, 1.3206925839185715, 0.8757572844624519, 0.6678304895758629, 0.685928650200367, NaN, 0.40561436116695404, NaN, NaN, NaN, NaN, NaN, NaN, NaN, NaN, NaN, NaN, NaN, NaN, NaN]}