{"loss": [0.11325094035189402, 0.023272043578081616, 0.018954639157623444, 0.017795192040993196, 0.016259878990240395, 0.015755487109632475, 0.014704837788533615, 0.014099319664589865, 0.01395627367310226, 0.013519177792324243, 0.012929012680328205, 0.013157530761274853, NaN, NaN, NaN, NaN, NaN, NaN, NaN, NaN], "val_loss": [0.03287876872163193, 0.018270582161551596, 0.01828428007224027, 0.014384733001683272, 0.01421943969805451, NaN, 0.01422607391050049, 0.010601619568963846, 0.013776634801544395, 0.009906242355046904, NaN, 0.012436714699017066, NaN, NaN, NaN, NaN, NaN, NaN, NaN, NaN]}