{"loss": [0.3681123181197204, 0.0935510553321556, 0.1316705393899036, 0.07348365442043073, 0.14144756735645628, 0.17950465914940364, 0.0816003686846479, 0.05714978297290049, 0.301291038551809, 0.12267279759735654, 0.12342775458666055, 0.09535323083400726, 0.08251306181773543, 0.09966475913595212, 0.060819885080778284, 0.07719917068453996, 0.09618888609111309, 0.05690334323107412, NaN, NaN], "val_loss": [0.08623370586657057, 0.04933762411568679, 0.0279544633539284, 0.020457657419291196, 0.03365579926792313, 0.024086463612084295, 0.015209918732152265, 0.027435885486649533, 0.020934956915238324, 0.020639558961870624, 0.01919969346593408, 0.023202840238809586, 0.013761489962538084, 0.01807558447049529, 0.012673031721337168, 0.013091021582630336, 0.016032625026270456, 0.01692438596750007, NaN, NaN]}