{"loss": [1.3819926556591924, 0.12377930513436072, 0.1546145877555797, 0.29863390321598243, 0.05785581050440669, 0.08980130303749129, 0.05707604594920811, 0.05618654191493988, 0.06651975425254357, 0.05458412243445453, 0.17001574301454975, 0.059556454983784965, 0.08412015450334079, 0.06872962405414958, 0.05527642040856575, NaN, NaN, NaN, NaN, NaN], "val_loss": [0.09377674466254664, 0.03290481186088394, 0.03683893974213039, 0.03913325166293219, 0.014497111167977838, 0.02208150915947615, 0.029879778258356395, 0.031146772096262258, 0.023512541846025223, 0.025546083884204134, 0.02396637424096173, 0.0146183995347397, 0.017634452722382312, 0.02638285979628563, 0.016334152396987465, NaN, NaN, NaN, NaN, NaN]}