{"graph": {"_type": "graph-file", "path": "media/graph/graph_summary_768e3639.graph.json", "sha256": "768e36392d06e11377cf5b38b0f534afa016889e177e8bbc3fc4011a877ac0f2", "size": 410}, "val_loss": 0.7213070110694783, "loss": 0.7236258618466489, "_runtime": 9917.79072856903, "epoch": 7, "_step": 7, "_timestamp": 1586752030.341276, "best_val_loss": 0.7213070110694783, "best_epoch": 7}
