{"graph": {"_type": "graph-file", "path": "media/graph/graph_summary_9f38ef0b.graph.json", "sha256": "9f38ef0b4fce2b12c1ecfc64b703359117865d318a43576094132a95b106070f", "size": 410}, "epoch": 6, "loss": 0.027013153252699, "_step": 6, "_runtime": 10130.076257705688, "val_loss": 0.024587464117098088, "_timestamp": 1585851270.706306, "best_val_loss": 0.024587464117098088, "best_epoch": 6}
