{"loss": [3.0180525153552584, 0.645350726502897, 0.6374467983572922, 0.6349831226715542, 0.6343254306040946, 0.633606938248507, 0.6331219923840533, 0.6327879864601452, 0.6322766333710846, 0.6329049844604107, 0.6317962140167663, 0.6317214804435896, 0.6314120929594075], "val_loss": [0.6653021449844042, 0.6529494225978851, 0.6517143580648634, 0.6566750812861655, 0.65385994894637, 0.6504461798402998, 0.6505912393331528, 0.6504259159167608, 0.6511263930135303, 0.649933983054426, 0.6501695977316962, 0.6503107423583666, 0.6512351300981309]}