{"loss": [3047.3155517578125, 874.0751229745371, 395.8340148925781, 204.03238593207465, 121.05056395354094, 84.80450354682074, 65.23098189742477, 55.53800568757234, 49.57882167674877, 47.07846422548647, 45.28251054551866, 44.5644575048376, 43.4664948074906, 42.629325442843964, Infinity, 41.903904385036896], "val_loss": [1273.100565592448, 528.1407572428385, 262.3551279703776, 141.5522232055664, 104.25928751627605, 70.50963719685872, 58.691627502441406, 51.82142448425293, 48.56867980957031, 46.308624903361, 45.5116818745931, 44.79267883300781, 44.445984522501625, 44.88998667399088, 44.79962921142578, 44.90151405334473]}