{"graph": {"_type": "graph-file", "path": "media/graph/graph_summary_f4e0bb43.graph.json", "sha256": "f4e0bb4373c9dde22b7416a9e8dc3d31631218f2d94efcc893db132def068217", "size": 554}, "loss": 0.6255908856563339, "_runtime": 270.8238263130188, "epoch": 0, "_timestamp": 1587392939.921448, "_step": 0}
