{"loss": [8.583592007409282, 0.7209764763490477, 0.6293242849520783, 0.560066474462623, 0.4935064431446702, 0.43356570468020084, 0.38697172946004726, 0.35171406126734034, 0.801385772762014, 0.7757071194364064, 0.7735833543450085, NaN, 0.773471496888061, 0.7733741055673627, 0.7734491104510293, 0.773392685313723, 0.773449419149712, 0.7735021123245581, 0.7734717353066402, NaN, 0.773521698232907, 0.7735239765537318, 0.7734812782771552, 0.7735254853519041, NaN, 0.773454654572615, 0.7733550027235231, 0.7734291313299492, 0.7735154281801252, 0.7734596640316408], "val_loss": [0.7202154370871457, 0.6169911595908079, 0.5484859238971364, 0.47876454618844116, 0.4085530665787784, 0.34841727262193506, 0.30731924013658, 0.27806635065512225, 0.7893580198287964, 0.784209056334062, 0.7836869602853601, 0.7837852916934274, 0.7837766734036532, 0.7838024226101962, 0.7835881574587389, 0.7837009375745599, 0.7835530692880804, 0.7837166488170624, 0.7836573015559803, 0.7836922380057249, 0.7837727232412859, 0.7839390527118336, 0.7838280173865232, 0.7837753593921661, 0.7837951996109702, 0.7837315391410481, 0.7837993827733126, 0.7840758209878748, 0.7838197106664831, 0.7836556515910409]}