{"loss": [544647.5887044271, 37466.770182291664, 20022.017211914062, 16064.450113932291, 12043.663167317709, 9867.009094238281, NaN, NaN, NaN, NaN, NaN, NaN, NaN, NaN, NaN, NaN, NaN, NaN, NaN, NaN], "val_loss": [17426.879760742188, 8631.0126953125, 5447.4290771484375, 4063.787353515625, 3139.068084716797, 2567.1595001220703, NaN, NaN, NaN, NaN, NaN, NaN, NaN, NaN, NaN, NaN, NaN, NaN, NaN, NaN]}