{"loss": [33.61614801634604, 1.055902319167977, 0.8645821916523264, 0.7922459903048046, 0.750964733202066, 0.7222114365492294, 0.6961251781947577, 0.6720706589186369, 0.6974148118673865, 0.7817770109247806, NaN, 0.7732674061362423, 0.7730740958185338, 0.7730886411311021, 0.7729549149968731, 0.7732054377669719, 0.7730422651589807, 0.7729896538293184, 0.7730924006718308, 0.7730568353809527], "val_loss": [1.0115306865085254, 0.8030381934209303, 0.7517213983969255, 0.7170041935010389, 0.6945417415012013, 0.6723174534060739, 0.6494403102181174, 0.6258168355985121, 0.8073193864388899, 0.7890463498505679, 0.7867905985225331, 0.7863256768746809, 0.7861955897374586, 0.7861579358577728, 0.7862043163993142, 0.7863100143996152, 0.7863137396899137, 0.7862606725909493, 0.7862099571661516, 0.7861834385178306]}