{"graph": {"_type": "graph-file", "path": "media/graph/graph_summary_cf0a3066.graph.json", "sha256": "cf0a306621465d2c9b964aeca40f849159a31bfc29e3079bef12939886619e26", "size": 548}, "_runtime": 396.34222197532654, "_step": 29, "loss": 0.6999218292155508, "_timestamp": 1586977139.0231905, "val_loss": 0.7126908725307833, "epoch": 29, "best_val_loss": 0.7126112676435902, "best_epoch": 26}
