{"loss": [32.022934317588806, 10.654139379660288, 5.210620671510696, 2.7852418025334678, 1.7243288656075795, 1.1565748825669289, NaN, NaN, NaN], "val_loss": [15.009810175214495, 7.030628544943673, 3.731915201459612, 2.035945381437029, 1.310371892792838, 0.9727796997342791, NaN, NaN, NaN]}