{"graph": {"_type": "graph-file", "path": "media/graph/graph_summary_d18185f8.graph.json", "sha256": "d18185f8fb5fbed30b3710ffdeedd5a15138d59116106b60b5a7488903695df5", "size": 408}, "_runtime": 720.1757924556732, "val_loss": 0.711201689897045, "epoch": 7, "_step": 7, "loss": 0.6962723734509593, "_timestamp": 1586700311.9943218, "best_val_loss": 0.7101831647657579, "best_epoch": 4}
