{"loss": [2.4879531071322862, 0.6970659064464881, 0.7696767395637074, 0.7714927426127137, 0.7696843494157322], "val_loss": [0.4810199846581715, 0.7737503415200768, 0.7739572815778779, 0.7740021595140782, 0.7741520884560376]}