{"graph": {"_type": "graph-file", "path": "media/graph/graph_summary_cf0a3066.graph.json", "sha256": "cf0a306621465d2c9b964aeca40f849159a31bfc29e3079bef12939886619e26", "size": 548}, "_timestamp": 1586976722.295309, "_step": 5, "_runtime": 109.88544344902039, "epoch": 5, "val_loss": NaN, "loss": NaN, "best_val_loss": 0.665911497341262, "best_epoch": 2}
