{"graph": {"_type": "graph-file", "path": "media/graph/graph_summary_d18185f8.graph.json", "sha256": "d18185f8fb5fbed30b3710ffdeedd5a15138d59116106b60b5a7488903695df5", "size": 408}, "_timestamp": 1586700579.0801709, "_step": 11, "_runtime": 975.0020048618317, "loss": 0.7084012785971453, "val_loss": 0.7289430962668525, "epoch": 11, "best_val_loss": 0.7269174489710066, "best_epoch": 8}
