{"graph": {"_type": "graph-file", "path": "media/graph/graph_summary_4a0ee99b.graph.json", "sha256": "4a0ee99b06cb37d61a27f9e84cfbf5c00afa0e40bb00635222681d009beee73b", "size": 410}, "_step": 1, "loss": 17710.43201622596, "val_loss": 991.4351196289062, "_runtime": 21.775552988052368, "_timestamp": 1585816171.7929301, "epoch": 1, "best_val_loss": 991.4351196289062, "best_epoch": 1}
