{"loss": [27.699049835205077, 7.913380336761475, 3.549362440109253, 1.8161301803588867, 1.1922289371490478, 0.9376093602180481, 0.7993143439292908, 0.7419130563735962, 0.7005097055435181, 0.6810795593261719, 0.666986825466156, 0.654456615447998, 0.6534769415855408, 0.6432543921470643, 0.6412185311317444, Infinity, 0.6302927374839783, 0.621151692867279], "val_loss": [11.682322343190512, 5.001952727635701, 2.400387406349182, 1.445074458916982, 1.0908506910006206, 0.8600110312302908, 0.8023517529169718, 0.7405390938123068, 0.7196940084298452, 0.7177326083183289, 0.7102357049783071, 0.7111998101075491, 0.7093425691127777, 0.7068760295708975, 0.6944202482700348, 0.7101428906122843, 0.6997372508049011, 0.708578626314799]}