{"loss": [36.642273025512694, 8.998927059173583, 4.076952476501464, 2.1768667888641358, 1.3218521547317506, 0.9536091685295105, 0.8049623727798462, 0.7349857878684998, 0.6971181774139404, 0.6769891333580017, 0.6648023986816406, 0.6532716059684753, NaN, NaN, NaN, NaN], "val_loss": [9.694705963134766, 3.573942542076111, 1.9434949556986492, 1.302647888660431, 0.9228697419166565, 0.781212051709493, 0.7326114277044932, 0.7079058488210043, 0.6954161524772644, 0.6952467858791351, Infinity, 0.682181715965271, 0.6734938422838846, NaN, NaN, NaN]}