{"graph": {"_type": "graph-file", "path": "media/graph/graph_summary_530e8aa9.graph.json", "sha256": "530e8aa9c6f715619c86abb3df3e0be44c1443e29f62cb264ef113b69fd782a2", "size": 415}, "_runtime": 8253.792771816254, "_timestamp": 1585849236.363534, "loss": 0.10094124905458868, "epoch": 8, "_step": 8, "val_loss": 0.1203906146847472, "best_val_loss": 0.10112618077166226, "best_epoch": 5}
