{"loss": [26.79788121995547, 13103.23230711198, 1181.7620794279685, 1785.3149407908616, 220.76262453336588, 0.7903430714512503, 18.02777033689006, 0.777608526858273, 2785.1538834942885, 1.8047048248202595, 13186.000648626428, 0.7765638844066898], "val_loss": [0.8166219627155977, 0.8038201647646287, 0.7976977977098203, 0.7942652047849169, 0.7902062722280914, 0.779021330908233, 0.7771064358599046, 0.7766677713861653, 0.7762375520724877, 0.7765555463585199, 0.7768685899528802, 0.7764282320059982]}