{"graph": {"_type": "graph-file", "path": "media/graph/graph_summary_bf571f84.graph.json", "sha256": "bf571f84c358d53daf44f848c7014f3a7baa8a01ac60864a62ce4c9f93e3fcb5", "size": 405}, "epoch": 12, "val_loss": 0.6512351300981309, "_step": 12, "loss": 0.6314120929594075, "_timestamp": 1586743892.7643316, "_runtime": 1453.274390220642, "best_val_loss": 0.649933983054426, "best_epoch": 9}
