{"loss": [0.7208749984485515, 0.6643114984035492, 0.6548527690811433, NaN, NaN, NaN], "val_loss": [0.6890989624791675, 0.6714495751592848, 0.665911497341262, NaN, NaN, NaN]}