{"graph": {"_type": "graph-file", "path": "media/graph/graph_summary_ab57cba1.graph.json", "sha256": "ab57cba136d93e3614c600cb87910f2d53937ad2cb95359ac67e2d26ffbc3409", "size": 406}, "_timestamp": 1586747023.202754, "_runtime": 787.5321886539459, "_step": 13, "loss": 0.7123571343309297, "epoch": 13, "val_loss": 0.7276323112574491, "best_val_loss": 0.7272073752952345, "best_epoch": 10}
