{"loss": [3.2900047929459575, 0.05718151818063393, 0.040691500498910155, 0.03421779836623287, 0.03196292368713582, 0.02843820666832843], "val_loss": [0.067858633165266, 0.03203163284114471, 0.01806372710430593, 0.02423669600987113, 0.03318004368566999, 0.03746312693236213]}