{"loss": [18.729286497397137, 0.7889630802419801, 0.776747931313041, 0.7765038723977197, 0.7764834173467775, 0.7761420520725629, 0.776239151196764, 0.7762379121306716, 0.7762794163053399, 0.7771215008584079, 0.776485613639781, 0.7761403235378644], "val_loss": [0.8114961000049815, 0.7765582799911499, 0.776399619439069, NaN, 0.7761443537824294, 0.7760377444472968, 0.7759015186160219, 0.7761461746458914, 0.7758472807267133, 0.7760192109089271, 0.7759785453478495, 0.7759718041793973]}