{"graph": {"_type": "graph-file", "path": "media/graph/graph_summary_1875ce9e.graph.json", "sha256": "1875ce9e046ed329c769334f004405088e51c8cd8a0f0fd61ef30b990a386267", "size": 553}, "loss": 0.6692099928368332, "val_loss": 0.6601782157653715, "epoch": 11, "_runtime": 10818.050944566727, "_step": 11, "_timestamp": 1586984581.0284698, "best_val_loss": 0.6601782157653715, "best_epoch": 11}
