{"loss": [2.0476926111142126, 0.6416530101307893, 0.6360035915237041, 0.6336473986129898, 0.6324966115211321, 0.631666476115423, 0.631465705078001, 0.6314123836665377, 0.6304172032146247, 0.6303921634539801, 0.6300783759850457, 0.630216771945196, 0.6298665466721738, 0.6298880639489377, 0.629823997562973], "val_loss": [0.6708297456304232, 0.6517550581031375, 0.6514724087384012, 0.6508771032094955, 0.650453556742933, 0.6517559894257121, 0.6498710537950197, 0.6520069142182668, 0.6497469991445541, 0.6538736116555002, 0.6502185149325265, 0.6494311822785271, 0.649501719408565, 0.6502741153041521, 0.6510805537303289]}