{"loss": [0.377457484995064, 0.2532731710295928, 0.20897785824184356, 0.17327058967202902, 0.14773343704444797, 0.12738963525350155, 0.11531839000159189, 0.10466182878927181, 0.09679503106561146, 0.09133225831350214, 0.08532423472129985, 0.0814643477236754, 0.0775543232693484, 0.07470838902027983, 0.07294831951884062, 0.07036393868589871, 0.06768579734489322, 0.06666555292414207, 0.0647750562301984, 0.06298795913493163], "val_loss": [0.30488226051424067, 0.18482395246917127, 0.3705748950733858, 0.16860903419700324, 0.15591948932292415, 0.14843015124400458, 0.10001395350577784, 0.08485038125631857, 0.09104751649440504, 0.06861709145938649, 0.0923683039990126, 0.06076623813486567, 0.09176668144908606, 0.07269533358368219, 0.0695748014339045, 0.07797128750997431, 0.04144645562651111, 0.06690599455260764, 0.05575059441959157, 0.059618168163533304]}