{"loss": [1.475071198698403, 0.7348492301028707, 0.7185691759206246, 0.7149510812644221, 0.7133118305805225, 0.7122931120476285, 0.7108337190992015, 0.7109283300989492, 0.7101821597071661, 0.7100640578546386, 0.7091457622062757, 0.7097467019938041, 0.7092771484080144], "val_loss": [0.7571345402134789, 0.7348059206097214, 0.7314413344418561, 0.7296159201198154, 0.728865886176074, 0.7285589928980227, 0.7281088310259359, 0.7281350096066793, 0.7278605556046521, 0.7270148628287845, 0.7277563269491549, 0.728682408730189, 0.7274744311968485]}