{"loss": [2.3688635724976606, 0.6705337676760953, 0.6479113620541156, 0.6414418295832748, 0.6395051812867395, 0.637574902725564, 0.6363239742358239, 0.6358245358355209, 0.6348809005981748, 0.6339206571828587, 0.633870083717663, 0.6334878688254512], "val_loss": [0.6918180709083875, 0.6566332553823789, 0.6530573632982042, 0.6526125147938728, 0.6523842248651717, 0.651007317006588, 0.6499842090739144, 0.6502748967872726, 0.6497626387410693, 0.6502585667702887, 0.649782344698906, 0.6502657102213966]}