{"loss": [35.17714538307566, 0.28845141122215673, 0.11849415066995118, 0.07581058776888408, 0.054429222314961646, 0.04347835294902325, 0.03617339534685016, 0.03183457766365456, 0.027946036835936338, 0.02576772334348214, 0.026574065406365616, 0.024468362502949804, 0.0233334542533971, 0.02140609182319359, 0.020794016854396385, 0.022680291189125887, 0.021109300487870842, 0.019865404587778215, 0.021260452083017873, 0.020357876936414915], "val_loss": [0.2313066493062412, 0.07307798955954757, 0.04056758842631882, 0.03172109082487284, 0.029457813238396365, 0.022838698334845843, 0.01614418625831604, 0.019914515060829183, 0.015480309049142342, 0.022486944956814543, 0.016291720938740994, 0.01890582646078923, 0.015145605649141705, 0.01316129217179967, 0.017782068592222297, 0.00954710513207258, 0.012474346887685504, 0.01729720977007174, 0.011529458613664495, 0.015226620340756341]}