{"loss": [0.4032417776649945, 0.2313451058652303, 0.16127784693077818, 0.12975106674106154, 0.11378076427603422, 0.1028342310288181, 0.09493532980958076, 0.08722968817981955, 0.08174378720864858, 0.08077845503001997, 0.08209960560684335, 0.07483320126998914, 0.07487769833166305, 0.07485474564441263, 0.07780787455913139, 0.07388551839410443, 0.07257147684489211, 0.06859911534271829, 0.06947176168634467, 0.06926380179516256], "val_loss": [0.30216334387660027, 0.18412670431037745, 0.1442211593190829, 0.11975473817437887, 0.11057031402985255, 0.10083760383228461, 0.08967273558179538, 0.08132087004681428, 0.08327283523976803, 0.08076100299755733, 0.07417391457905372, 0.07258150943865378, 0.07604529646535714, 0.07385432409743468, 0.0716808761159579, 0.06587372006227572, 0.06598876882344484, 0.06856479030102491, 0.06910199765115976, 0.06369682230676214]}