{"loss": [110.55605189005534, 39.00514872868856, 22.862893104553223, 14.667348305384317, 9.598111947377523, 6.438098867734273, 4.584501425425212, 3.2084883650143943, 2.4102837244669595, 1.8303415675957997, 1.4261259933312733, 1.1407793362935383, 1.5536344200372696, 0.9128004908561707, 0.9003259887297949, 0.8458325018485388, 0.8083612670501074, 0.7752640744050344, 0.746122936407725, 0.7217090477546056, 0.7144880145788193, 0.6857360651095709, 0.6830407381057739, 0.6689389596382777, 0.6658299366633097, 0.8724536250034968, 0.6515515148639679, 0.6432633896668752, 0.6416285336017609, 0.6476222028334936, 0.6382487068573633, 0.642157569527626, NaN, NaN], "val_loss": [34.485697428385414, 20.565853118896484, 12.530453364054361, 8.19262949625651, 5.426254590352376, 3.7276482582092285, 2.5853681564331055, 1.961525519688924, 1.5178446372350056, 1.2932109038035076, 1.0731935103734334, 0.945399284362793, 0.8653652667999268, 0.8408587177594503, 0.8151762088139852, 0.790863037109375, 0.7737961014111837, 0.7474692066510519, 0.7271221081415812, 0.7262871066729227, 0.7087425788243612, 0.6957260171572367, 0.6985781788825989, 0.6927766799926758, 0.6891545057296753, 0.6938629547754923, 0.68455042441686, 0.68782639503479, 0.6786731084187826, 0.6798358162244161, 0.6770937045415243, 0.6782828569412231, NaN, NaN]}