{"graph": {"_type": "graph-file", "path": "media/graph/graph_summary_768e3639.graph.json", "sha256": "768e36392d06e11377cf5b38b0f534afa016889e177e8bbc3fc4011a877ac0f2", "size": 410}, "_runtime": 6201.718346595764, "_timestamp": 1586748519.3587325, "_step": 12, "val_loss": 0.7838000162289693, "epoch": 12, "loss": 0.774597890146317, "best_val_loss": 0.011012230426646195, "best_epoch": 9}
