{"loss": [0.7515225276655081, 0.7435515352657863, 0.7407431711955946, 0.7392019191566779, NaN, 0.7371641142027718, 0.7368913013107923, 0.7377848552197827], "val_loss": [0.7623227636019388, 0.7650571366151174, 0.764011025428772, 0.760725791255633, 0.7601084212462107, 0.7622244556744894, 0.7607573519150416, 0.7615103721618652]}