{"loss": [2.2605604337864236, 0.7714081246344769, 0.7697312544603817, 0.7694632491127389, 0.7682191233165928, 0.768235234158938], "val_loss": [0.7680312804147309, 0.7661315337115643, 0.7646515346040913, 0.7632903392408409, 0.7642584314533308, 0.7645138046320747]}