{"graph": {"_type": "graph-file", "path": "media/graph/graph_summary_530e8aa9.graph.json", "sha256": "530e8aa9c6f715619c86abb3df3e0be44c1443e29f62cb264ef113b69fd782a2", "size": 415}, "_timestamp": 1585841552.0458026, "loss": 0.7377848552197827, "val_loss": 0.7615103721618652, "_runtime": 254.26385593414307, "epoch": 7, "_step": 7, "best_val_loss": 0.7601084212462107, "best_epoch": 4}
