{"loss": [0.3915286415243802, 0.2562832471034298, 0.20113536307256516, 0.17988070804778844, 0.16700188080741935, 0.15522745823206968, 0.1477145763905081, 0.14073936498328432, 0.13551110335408825, 0.1305084496940652, 0.12701819714618057, 0.12337485017025307, 0.11986898671682567, 0.11672469003968043, 0.11552807066130312, 0.11308739956927626, 0.11093463105698155, 0.10924541593006212, 0.10771746025101779, 0.1069025820861124], "val_loss": [0.2937769715984662, 0.18693076570828757, 0.15869429148733616, 0.1408405415713787, 0.14838380304475626, 0.12081888131797314, 0.1353529952466488, 0.12277776841074228, 0.12188602145761251, 0.11529500751445691, 0.11630740916977327, 0.1293522473424673, 0.10051106164852779, 0.11067640067388614, 0.11420304110894601, 0.10019904902825753, 0.11592093606789906, 0.11141273782898982, 0.1169711360707879, 0.10130415732661883]}