{"loss": [1.917306154840606, 0.7102556133069067, 0.7011219004035499, 0.6995751196322059, 0.6979839829452933, 0.6968409283251702, 0.6967852628683742, 0.6962723734509593], "val_loss": [0.7276936154211721, 0.7119010975283961, 0.7125417993914697, 0.7117796040350391, 0.7101831647657579, 0.7108104440473741, 0.7170287130340454, 0.711201689897045]}