{"graph": {"_type": "graph-file", "path": "media/graph/graph_summary_1875ce9e.graph.json", "sha256": "1875ce9e046ed329c769334f004405088e51c8cd8a0f0fd61ef30b990a386267", "size": 553}, "_timestamp": 1586985950.7691116, "val_loss": 0.7352763442993164, "loss": 0.7402448035696502, "epoch": 14, "_step": 14, "_runtime": 10593.087938785553, "best_val_loss": 0.7332327919006347, "best_epoch": 11}
