{"graph": {"_type": "graph-file", "path": "media/graph/graph_summary_768e3639.graph.json", "sha256": "768e36392d06e11377cf5b38b0f534afa016889e177e8bbc3fc4011a877ac0f2", "size": 410}, "loss": 0.6593272504198966, "_timestamp": 1586752589.6613154, "_step": 8, "epoch": 8, "_runtime": 10477.242877483368, "val_loss": 0.6484922718727726, "best_val_loss": 0.6484922718727726, "best_epoch": 8}
