{"graph": {"_type": "graph-file", "path": "media/graph/graph_summary_d18185f8.graph.json", "sha256": "d18185f8fb5fbed30b3710ffdeedd5a15138d59116106b60b5a7488903695df5", "size": 408}, "val_loss": 0.6510805537303289, "_runtime": 1907.0866634845734, "_step": 14, "_timestamp": 1586701498.9504457, "loss": 0.629823997562973, "epoch": 14, "best_val_loss": 0.6494311822785271, "best_epoch": 11}
