{"loss": [55.39960333147987, 0.7757520759691957, 0.7759585372737197, 0.7758240260061671], "val_loss": [0.7746813466735915, 0.7732184681237912, 0.77444887862486, 0.7734315798563116]}