{"loss": [5.893002393453018, 0.8159379246442214, 0.7177398615125297, 0.7031808758991352, 0.699667578590089, 0.69857615923536, 0.6968163912710936, 0.696752351263295, 0.6959884253101073, 0.696411071912102, 0.6956073836140011, 0.6954954987850742, 0.6946746050447657, 0.6941821147566256], "val_loss": [0.8752427399158478, 0.741488465004497, 0.720284683836831, 0.7180814610587226, 0.7177970955769221, 0.7175091207027435, 0.7174024946159787, 0.7165432671705881, 0.7158724913994471, 0.7163567543029785, 0.7154891209469901, 0.7157691253556145, 0.7177635017368529, 0.7161339951886071]}