{"graph": {"_type": "graph-file", "path": "media/graph/graph_summary_c773d517.graph.json", "sha256": "c773d5174656bf58eb6ae952b86986ea436d174ab69805249d596a2e3de47cbf", "size": 543}, "val_loss": 0.7274744311968485, "epoch": 12, "_runtime": 557.1613676548004, "_step": 12, "loss": 0.7092771484080144, "_timestamp": 1586787435.868622, "best_val_loss": 0.7270148628287845, "best_epoch": 9}
