{"loss": [0.32558878317271195, 0.19132728292925716, 0.15409352870224274, 0.13398712281494923, 0.1215620457564723, 0.1138226287311887, 0.10883031622187732, 0.10530381443055525, 0.10094124905458868], "val_loss": [0.17825848761261726, 0.14774307684630764, 0.1407429210233445, 0.12272726455513312, 0.11283843569001373, 0.10112618077166226, 0.11350154732258952, 0.12107150104581094, 0.1203906146847472]}