{"loss": [232.42800862934723, 0.7809194249681907, 0.7760811361542629, 0.7761657208499342, 0.775629735425754, 0.7761140046733441, 0.7760541405614847, 0.7758607250629085], "val_loss": [0.7776916126410166, 0.7763504350886625, 0.775830114589018, 0.7754738313310287, 0.7753544800421771, 0.7756303741651422, 0.7759973097081277, 0.77570400167914]}