{"loss": [0.1669007492937932, 0.02360160394547213, 0.018844444439501354, 0.017355323487304543, 0.016023537652616045, 0.015425265114141726, 0.015314246374672573, 0.014573146898520031, 0.013998435231195273, 0.013433477672821792, NaN, NaN, NaN, NaN, NaN, NaN, NaN, NaN, NaN, NaN], "val_loss": [0.03419765837344469, 0.02437000469688107, 0.014400966045464956, 0.0139377774743765, 0.015414251251986213, 0.0145397729733411, 0.008477433100707974, 0.013247982416228921, 0.013584405366404383, 0.014372384668711354, NaN, NaN, NaN, NaN, NaN, NaN, NaN, NaN, NaN, NaN]}