{"loss": [45.085492293039955, 16.117130438486736, 9.370243787765503, 5.930296222368876, 3.903399109840393, 2.7166476051012673, 1.9904661079247792, 1.5093573331832886, 1.2108157873153687, 1.006215050816536, 0.8776788711547852, 0.7990519603093466, 0.7521790514389673, 0.7298969229062399, 0.701856717467308, 0.6828202853600184, 0.6783571640650431, 0.6625280032555262, 0.6541156421105067, 0.6520642240842184, 0.6450726290543874, 0.6395894785722097, 0.6387151877085367, 0.637759193778038, 0.6364964445432028, NaN, NaN, NaN], "val_loss": [14.895010630289713, 8.175731658935547, 5.028029441833496, 3.376424471537272, 2.411376635233561, 1.7407928307851155, 1.3593388398488362, 1.1242667436599731, 0.9572283228238424, 0.8487053910891215, 0.7932981053988138, 0.7673604488372803, 0.7368986209233602, 0.7188232938448588, 0.7066996097564697, 0.6979903976122538, 0.6868194540341696, 0.6848927736282349, 0.6847867568333944, 0.6786548495292664, 0.6755606134732565, 0.6745791832605997, 0.6731202403704325, 0.6725099086761475, 0.6710312962532043, NaN, NaN, NaN]}