{"loss": [3.4512530483183315, 0.769899607290987, 0.7702358712915515, 0.7701767481741358, 0.7709280803555348], "val_loss": [0.7671244822296441, 0.7649974986618641, 0.7631276810870451, 0.7635449001602098, 0.7739867550485274]}