{"graph": {"_type": "graph-file", "path": "media/graph/graph_summary_c773d517.graph.json", "sha256": "c773d5174656bf58eb6ae952b86986ea436d174ab69805249d596a2e3de47cbf", "size": 543}, "_step": 11, "_timestamp": 1586784857.3593898, "loss": 0.6334878688254512, "val_loss": 0.6502657102213966, "_runtime": 685.5653886795044, "epoch": 11, "best_val_loss": 0.6497626387410693, "best_epoch": 8}
