{"loss": [7.925211290387731, Infinity, 0.7767136304786331, 0.7765955819111121, 0.7765222132990235, 0.7762451065998328], "val_loss": [0.7814846108941471, 0.7752437498055252, 0.7751393236365973, 0.7753953536351522, 0.7754854594959932, 0.7756256461143494]}