{"graph": {"_type": "graph-file", "path": "media/graph/graph_summary_cf0a3066.graph.json", "sha256": "cf0a306621465d2c9b964aeca40f849159a31bfc29e3079bef12939886619e26", "size": 548}, "_timestamp": 1586976577.11561, "_runtime": 8.55580472946167, "loss": 0.8046390959110219, "_step": 0, "epoch": 0}
