{"loss": [0.5878487421362192, 0.44828915075967773, 0.39517974993526533, 0.3580455246987759, 0.32786737852448583, 0.3026567314495176, 0.28617426643035554, 0.2715360459265293, 0.25930412103665756, 0.25107477415328056, 0.2416634213604383, 0.235751623275296, 0.22967277937287453, 0.22510951637421678, 0.22087232458511455, 0.21459056447016311, 0.21201753946358726, 0.20599381785664783, 0.2048512547208159, 0.20138744919892126], "val_loss": [0.5094322639703751, 0.46194701313972475, 0.39432736217975617, 0.39658421456813814, 0.25541998505592345, 0.3433774334192276, 0.23812149077653885, 0.28354780316352846, 0.23963066875934602, 0.2544599351286888, 0.21766372352838517, 0.20606000244617462, 0.18905361056327818, 0.2327689126133919, 0.21756914973258973, 0.24963369995355605, 0.18021845400333406, 0.2851394355297089, 0.1912949088215828, 0.17870718896389007]}