{"graph": {"_type": "graph-file", "path": "media/graph/graph_summary_ab57cba1.graph.json", "sha256": "ab57cba136d93e3614c600cb87910f2d53937ad2cb95359ac67e2d26ffbc3409", "size": 406}, "val_loss": 0.650171269208957, "_step": 10, "loss": 0.6334512490310417, "_runtime": 778.5918402671814, "_timestamp": 1586746980.6235561, "epoch": 10, "best_val_loss": 0.6486314779672867, "best_epoch": 7}
