{"loss": [1.4868837577281613, 0.7662043455410319, 0.7648082595847228, 0.7644517020423813, 0.7639705027290696, NaN, 0.763550584662472], "val_loss": [0.7635379474537045, 0.7605550411869498, 0.7609698567904678, 0.7591851032247731, 0.7598951809546527, 0.7610073486963908, 0.7603165343695996]}