{"loss": [1.4264657306268749, 0.7163531111262519, 0.7056646777104728, 0.7029214058747272, 0.6999621562313932, 0.6996029406660217, 0.6990222083365364, 0.6984657421393736, 0.6973805067911429, 0.6975286980218525, 0.6973000133590859, 0.6970605759681026, 0.6966219562015453, 0.6964175585453017, 0.6967678125397565, 0.6963369836284139], "val_loss": [0.7368069887161255, 0.7165319525426433, 0.7119262891431009, 0.71129308112206, 0.7109618706087912, 0.7112752131877407, 0.7118205658851131, 0.7109588230809858, 0.7112587430784779, 0.7100083289607879, 0.7115459692093634, 0.7101959701507322, 0.7097676079119405, 0.7104321170237756, 0.7101952741222997, 0.7114496606011544]}