{"loss": [3.092399188619576, 0.7018172681726367, 0.6474088722506895, 0.6409086462677709, 0.6377123827176379, 0.636592690913093, 0.6353944812389399, 0.6346500433043928, 0.6337865516049972, 0.6339064043089254, 0.6334512490310417], "val_loss": [0.7643867578261938, 0.6575036018322675, 0.6525253210312281, 0.6500451534222333, 0.6494865814844767, 0.6497654227110056, 0.6487683057785034, 0.6486314779672867, 0.6494601598152747, 0.6496416406753736, 0.650171269208957]}