{"loss": [2.3047139137839348, 0.7248070139239952, 0.7149766738288068, 0.71193244923716, 0.7114380719005198, 0.7099882257733368, 0.7097534425016763, 0.7089411437799389, 0.7089610232247247, 0.7088393266650214, 0.7083826735975661, 0.7084012785971453], "val_loss": [0.7479142955055943, 0.7335131687146647, 0.7334094466986479, 0.7281382381916046, 0.7279725538359748, 0.7283286441255499, 0.7301750425939206, 0.7276093131966062, 0.7269174489710066, 0.7270939714378781, 0.7285492541613402, 0.7289430962668525]}