{"loss": [6.873188903951269, 0.9543770030727536, 0.7438137446801494, 0.7252177281642523, 0.7200291325726847, 0.7176239091580309, 0.7167908507069265, 0.715178981071382, 0.7132637519536056, 0.7144201177311694, 0.7135073584834422, 0.7132680200216338, 0.7130226976289524, 0.7123571343309297], "val_loss": [1.0868874716036248, 0.7583228855422048, 0.736200441013683, 0.7317729050462897, 0.7301664641409209, 0.7296716119303848, 0.7285423170436512, 0.7276639306184017, 0.7277929457751188, 0.7283515117385171, 0.7272073752952345, 0.7272080797137637, NaN, 0.7276323112574491]}