{"graph": {"_type": "graph-file", "path": "media/graph/graph_summary_1875ce9e.graph.json", "sha256": "1875ce9e046ed329c769334f004405088e51c8cd8a0f0fd61ef30b990a386267", "size": 553}, "_runtime": 3494.3793885707855, "_step": 6, "loss": 0.7718626107166281, "epoch": 6, "val_loss": 0.7781819562676927, "_timestamp": 1586978849.535094, "best_val_loss": 0.720698271418961, "best_epoch": 3}
