{"loss": [6.256833768807924, 0.719525955356918, 0.6629776750411187, 0.6118047062333647, NaN, 0.5269124143190317, NaN, NaN, 0.46445670411303325, 0.4452169347893108, 0.4285707321617153, 0.41333037823230234, 0.40634061802517285, 0.3941235017109584, 0.38394507619884466, NaN, NaN, NaN, NaN, NaN], "val_loss": [0.7172109993795553, 0.6668062197665373, 0.6149868791302046, 0.5642340642710527, 0.5215492335458597, 0.49354174981514615, 0.46839433163404465, 0.4501289315521717, 0.4288195725530386, 0.41700200363993645, 0.4028766105572383, 0.38279117333392304, 0.3735942170023918, 0.36507145563761395, 0.367915878072381, 0.34279466855029267, 0.33262877600888413, NaN, NaN, NaN]}