{"graph": {"_type": "graph-file", "path": "media/graph/graph_summary_9f38ef0b.graph.json", "sha256": "9f38ef0b4fce2b12c1ecfc64b703359117865d318a43576094132a95b106070f", "size": 410}, "_runtime": 614.6814987659454, "epoch": 15, "_timestamp": 1585814936.7232444, "val_loss": 44.90151405334473, "_step": 15, "loss": 41.903904385036896, "best_val_loss": 44.445984522501625, "best_epoch": 12}
