{"graph": {"_type": "graph-file", "path": "media/graph/graph_summary_c773d517.graph.json", "sha256": "c773d5174656bf58eb6ae952b86986ea436d174ab69805249d596a2e3de47cbf", "size": 543}, "val_loss": 0.7114496606011544, "loss": 0.6963369836284139, "epoch": 15, "_timestamp": 1586784949.2455332, "_runtime": 777.451548576355, "_step": 15, "best_val_loss": 0.7097676079119405, "best_epoch": 12}
