{"loss": [5.769752125874643, 0.07575302771743267, 0.04970473642310789, 0.03995519464294756, 0.034794594137178315, 0.03032278989952418, 0.02836520065583529, 0.025645053248491978, 0.0243254910583698, 0.022721465595907743, 0.021639480622064684, 0.7692880286504665, 0.774597890146317], "val_loss": [0.07162662767446958, 0.061824298571222104, 0.043448631974080436, 0.04528562810558539, 0.02437758341861459, 0.027058764683225982, 0.015302198115163125, 0.020555153551798027, 0.012348346340541657, 0.011012230426646195, 0.017482446596169703, 0.7833529630532632, 0.7838000162289693]}