{"loss": [0.5797394854261687, 0.4295042607639181, 0.35294381764374283, 0.29790567680213015, 0.2501399768026252, 0.209392368867013, 0.18085604317878423, 0.1563194775953889, 0.1372480570877853, 0.12175400736496637, 0.10980537065647934, 0.09977390773986515, 0.09124075283149355, 0.08590771841179383, 0.0809267359099498, 0.0779415897681917, 0.07526406846744449, 0.0723595678757288, 0.07018485082019317, 0.06813773951542221], "val_loss": [0.5033146084523669, 0.3161619410795324, 0.2975457088620055, 0.36925800816685544, 0.17550336321194968, 0.17587871674229116, 0.1777240011621924, 0.11580591415073357, 0.18237237164787218, 0.13356227690682693, 0.09362419869969874, 0.09504090293365366, 0.0937923293779878, 0.0777563021755686, 0.11619796414001315, 0.07922498224412694, 0.0840680042610449, 0.05257887517412504, 0.0665615173239334, 0.07367465031497619]}