{"graph": {"_type": "graph-file", "path": "media/graph/graph_summary_ab57cba1.graph.json", "sha256": "ab57cba136d93e3614c600cb87910f2d53937ad2cb95359ac67e2d26ffbc3409", "size": 406}, "val_loss": 0.7161339951886071, "_timestamp": 1586747053.8567367, "_runtime": 847.5692186355591, "epoch": 13, "loss": 0.6941821147566256, "_step": 13, "best_val_loss": 0.7154891209469901, "best_epoch": 10}
